{"totalWells":16,"monetaryCost":444269.468436548,"timeCost":44426.9468436548,"_wandb":{"runtime":425},"_runtime":425.7882385,"finalFidelity":0.8868257775902748,"_step":0,"_timestamp":1.7495559630941644e+09,"finalMSE":0.11317422240972519}