{"_wandb":{"runtime":528},"_step":0,"_timestamp":1.7495629871694474e+09,"_runtime":528.0549091,"monetaryCost":363289.8628068205,"finalMSE":0.12123344838619232,"timeCost":36328.986280682046,"finalFidelity":0.8787665516138077,"totalWells":13}