{"_runtime":290.7926674,"totalWells":17,"timeCost":47019.59937841292,"finalFidelity":0.8891725093126297,"_step":0,"monetaryCost":470195.9937841292,"finalMSE":0.1108274906873703,"_timestamp":1.7495311332830765e+09,"_wandb":{"runtime":290}}