{"_step":0,"finalFidelity":0.8786070942878723,"timeCost":36372.66067835757,"_wandb":{"runtime":1227},"_timestamp":1.7495653753793046e+09,"_runtime":1227.9166578,"totalWells":13,"monetaryCost":363726.6067835757,"finalMSE":0.12139290571212769}