{"_runtime":2810.4824799,"_step":0,"totalWells":13,"finalFidelity":0.8786190152168274,"monetaryCost":363821.32710091444,"_timestamp":1.749555003102311e+09,"finalMSE":0.12138098478317261,"timeCost":36382.13271009144,"_wandb":{"runtime":2810}}