{"_runtime":498.6640352,"_step":0,"timeCost":36293.79188170372,"_timestamp":1.7495416499967341e+09,"finalFidelity":0.8785609602928162,"totalWells":13,"monetaryCost":362937.9188170372,"finalMSE":0.12143903970718384,"_wandb":{"runtime":498}}