{"monetaryCost":391139.01735175436,"_timestamp":1.7495680761543007e+09,"_step":0,"totalWells":14,"finalFidelity":0.8832836449146271,"_wandb":{"runtime":315},"_runtime":315.0652189,"finalMSE":0.11671635508537292,"timeCost":39113.90173517544}