{"_wandb":{"runtime":599},"_timestamp":1.7495624431012142e+09,"monetaryCost":391078.9855729642,"_step":0,"finalMSE":0.11831953376531601,"timeCost":39107.89855729642,"_runtime":599.8008567,"finalFidelity":0.881680466234684,"totalWells":14}