{"_wandb":{"runtime":375},"finalMSE":0.11875544488430023,"totalWells":14,"_runtime":375.4595507,"_timestamp":1.749541142964245e+09,"monetaryCost":389593.8906419855,"timeCost":38959.389064198556,"finalFidelity":0.8812445551156998,"_step":0}