{"timeCost":36326.395324552635,"_timestamp":1.749560402999325e+09,"_runtime":1068.6660713,"_step":0,"totalWells":13,"finalMSE":0.12148654460906982,"monetaryCost":363263.9532455264,"finalFidelity":0.8785134553909302,"_wandb":{"runtime":1068}}