{"monetaryCost":362150.098427995,"_step":0,"finalFidelity":0.8788251727819443,"finalMSE":0.12117482721805573,"timeCost":36215.009842799496,"_timestamp":1.7495559630943744e+09,"totalWells":13,"_wandb":{"runtime":379},"_runtime":379.99323}