{"totalWells":13,"monetaryCost":363692.01670538733,"timeCost":36369.20167053873,"_runtime":1191.5008073,"_wandb":{"runtime":1191},"finalFidelity":0.8787818849086761,"_step":0,"_timestamp":1.7495586848008878e+09,"finalMSE":0.12121811509132385}