{"_step":0,"finalMSE":0.1213865578174591,"_wandb":{"runtime":1790},"finalFidelity":0.8786134421825409,"_timestamp":1.7495550030990324e+09,"timeCost":36381.67195065906,"monetaryCost":363816.71950659057,"totalWells":13,"_runtime":1790.4995296}