{"_timestamp":1.7495401978463774e+09,"monetaryCost":554168.1577215199,"timeCost":55416.81577215199,"_wandb":{"runtime":129},"finalMSE":0.10563334077596664,"_runtime":129.5065119,"_step":0,"totalWells":20,"finalFidelity":0.8943666592240334}