{"totalWells":21,"_runtime":157.9929833,"_step":0,"finalMSE":0.10394751280546188,"finalFidelity":0.8960524871945381,"_timestamp":1.7495609177197344e+09,"monetaryCost":579944.7423892079,"_wandb":{"runtime":157},"timeCost":57994.47423892079}