{"totalWells":13,"_runtime":1893.1450203,"_step":0,"monetaryCost":363124.1510680898,"_timestamp":1.7495347304961815e+09,"finalFidelity":0.8785643056035042,"_wandb":{"runtime":1893},"finalMSE":0.12143569439649582,"timeCost":36312.415106808985}