{"_wandb":{"runtime":255},"_step":0,"finalFidelity":0.8853354528546333,"finalMSE":0.11466454714536667,"timeCost":41755.097562110255,"_runtime":255.1352776,"monetaryCost":417550.9756211025,"_timestamp":1.7495157160777214e+09,"totalWells":15}