{"_timestamp":1.7495535760757573e+09,"_runtime":199.3693308,"_step":0,"timeCost":70915.91177355943,"_wandb":{"runtime":199},"finalFidelity":0.9082091525197029,"totalWells":26,"monetaryCost":709159.1177355942,"finalMSE":0.09179084748029709}