{"_wandb":{"runtime":1046},"monetaryCost":363736.67070501193,"_timestamp":1.7495288193646324e+09,"finalMSE":0.12142885476350784,"finalFidelity":0.8785711452364922,"timeCost":36373.667070501186,"totalWells":13,"_runtime":1046.6698668,"_step":0}