{"finalFidelity":0.8785273283720016,"monetaryCost":363422.03414741013,"timeCost":36342.203414741016,"_step":0,"_wandb":{"runtime":948},"_runtime":948.6336448,"totalWells":13,"_timestamp":1.7495649029773529e+09,"finalMSE":0.12147267162799835}