{"_wandb":{"runtime":496},"monetaryCost":363268.67540933785,"finalMSE":0.1201525405049324,"totalWells":13,"_timestamp":1.749541647374068e+09,"finalFidelity":0.8798474594950676,"_runtime":496.8701438,"timeCost":36326.86754093378,"_step":0}