{"finalMSE":0.12138129770755768,"_runtime":1372.8294302,"_step":0,"finalFidelity":0.8786187022924423,"monetaryCost":363798.08337909513,"timeCost":36379.80833790952,"totalWells":13,"_wandb":{"runtime":1372},"_timestamp":1.7495521829787188e+09}