{"finalFidelity":0.8785676658153534,"monetaryCost":363572.25428954524,"totalWells":13,"_wandb":{"runtime":1040},"timeCost":36357.225428954516,"_runtime":1040.2794581,"_step":0,"_timestamp":1.749512601557504e+09,"finalMSE":0.1214323341846466}