{"monetaryCost":363101.6783044951,"finalFidelity":0.8794774636626244,"_step":0,"_wandb":{"runtime":690},"_timestamp":1.749563404783496e+09,"finalMSE":0.12052253633737564,"timeCost":36310.16783044952,"totalWells":13,"_runtime":690.7063891}