{"totalWells":13,"_runtime":1843.0679055,"_wandb":{"runtime":1843},"timeCost":36368.296027180484,"finalFidelity":0.8785635009407997,"_timestamp":1.749512633803536e+09,"finalMSE":0.12143649905920029,"monetaryCost":363682.9602718048,"_step":0}