{"totalWells":13,"timeCost":36354.456639998956,"_step":0,"_runtime":529.7783794,"monetaryCost":363544.56639998953,"finalMSE":0.12046613544225693,"_wandb":{"runtime":529},"_timestamp":1.749548582988046e+09,"finalFidelity":0.8795338645577431}