{"_runtime":2151.7796696,"_step":0,"monetaryCost":363085.1251497314,"finalMSE":0.12141521275043488,"_wandb":{"runtime":2151},"timeCost":36308.51251497313,"finalFidelity":0.8785847872495651,"_timestamp":1.7495452229706066e+09,"totalWells":13}