{"timeCost":39145.42547033455,"totalWells":14,"_timestamp":1.7495245893615425e+09,"_step":0,"finalFidelity":0.8795361816883087,"monetaryCost":391454.2547033456,"_wandb":{"runtime":551},"_runtime":551.7062566,"finalMSE":0.12046381831169128}