{"_step":0,"finalMSE":0.12147839367389679,"finalFidelity":0.8785216063261032,"_timestamp":1.7495322859014628e+09,"_runtime":1031.1004382,"totalWells":13,"_wandb":{"runtime":1031},"monetaryCost":363320.57311836706,"timeCost":36332.05731183671}