{"finalMSE":0.12095130980014801,"timeCost":36362.798840134135,"_step":0,"monetaryCost":363627.98840134137,"_wandb":{"runtime":1068},"finalFidelity":0.879048690199852,"totalWells":13,"_runtime":1068.4456978,"_timestamp":1.749563792294746e+09}