{"_runtime":1669.4831524,"_step":0,"totalWells":13,"_timestamp":1.7495620829043372e+09,"finalMSE":0.12138959765434265,"timeCost":36360.58582954943,"monetaryCost":363605.85829549434,"finalFidelity":0.8786104023456573,"_wandb":{"runtime":1669}}