{"finalMSE":0.12146259844303131,"totalWells":13,"_wandb":{"runtime":469},"finalFidelity":0.8785374015569687,"monetaryCost":363383.94010255794,"_timestamp":1.7495277628753586e+09,"_runtime":469.8997184,"_step":0,"timeCost":36338.39401025579}