{"_wandb":{"runtime":1003},"_timestamp":1.7495255877618515e+09,"totalWells":13,"monetaryCost":363797.5060630533,"timeCost":36379.750606305344,"_runtime":1003.976449,"finalMSE":0.12132492661476135,"finalFidelity":0.8786750733852386,"_step":0}