{"_wandb":{"runtime":1010},"totalWells":13,"timeCost":36370.93499748522,"_timestamp":1.7495532029750314e+09,"_step":0,"monetaryCost":363709.34997485235,"finalFidelity":0.8785797581076622,"_runtime":1010.4277337,"finalMSE":0.1214202418923378}