{"finalMSE":0.1156785860657692,"monetaryCost":418082.60629714525,"_timestamp":1.7495477430148177e+09,"_runtime":581.2292336,"_step":0,"finalFidelity":0.8843214139342308,"_wandb":{"runtime":581},"timeCost":41808.26062971452,"totalWells":15}