{"_runtime":3552.3474377,"_step":0,"finalMSE":0.12139113992452621,"_timestamp":1.7495235056276672e+09,"totalWells":13,"_wandb":{"runtime":3552},"finalFidelity":0.8786088600754738,"monetaryCost":363890.477802763,"timeCost":36389.04778027629}