{"_wandb":{"runtime":220},"monetaryCost":388280.1044140132,"totalWells":14,"timeCost":38828.01044140132,"_timestamp":1.7495407595198898e+09,"_runtime":220.8246597,"finalMSE":0.11878208070993423,"finalFidelity":0.8812179192900658,"_step":0}