{"totalWells":13,"timeCost":36241.65150217424,"_runtime":320.5606814,"_step":0,"_wandb":{"runtime":320},"finalMSE":0.12135028094053268,"finalFidelity":0.8786497190594673,"_timestamp":1.7495165147392232e+09,"monetaryCost":362416.5150217424}