{"_wandb":{"runtime":1574},"_runtime":1574.4002188,"_step":0,"finalFidelity":0.8786170929670334,"totalWells":13,"monetaryCost":363756.32223916746,"timeCost":36375.63222391675,"_timestamp":1.749527283493627e+09,"finalMSE":0.12138290703296661}