{"finalMSE":0.12132683396339417,"_runtime":533.4098155,"_timestamp":1.7495155947370565e+09,"_step":0,"_wandb":{"runtime":533},"totalWells":13,"monetaryCost":363279.11669925414,"finalFidelity":0.8786731660366058,"timeCost":36327.91166992541}