{"_step":0,"totalWells":13,"timeCost":36365.156533730944,"_wandb":{"runtime":781},"_timestamp":1.7495649029825678e+09,"monetaryCost":363651.5653373093,"_runtime":781.1375384,"finalFidelity":0.8785697370767593,"finalMSE":0.12143026292324066}