{"finalMSE":0.12152384966611862,"monetaryCost":363212.23792935634,"_wandb":{"runtime":461},"timeCost":36321.22379293564,"_runtime":461.8609638,"totalWells":13,"_timestamp":1.749518848323194e+09,"_step":0,"finalFidelity":0.8784761503338814}