{"monetaryCost":391580.99623513967,"_timestamp":1.7495171453122702e+09,"totalWells":14,"timeCost":39158.09962351396,"_wandb":{"runtime":1126},"_runtime":1126.9125017,"_step":0,"finalMSE":0.12099384516477585,"finalFidelity":0.8790061548352242}