{"finalFidelity":0.8800110965967178,"_timestamp":1.749557102983165e+09,"_runtime":1130.5650011,"_wandb":{"runtime":1130},"timeCost":36335.55628449508,"totalWells":13,"_step":0,"finalMSE":0.11998890340328217,"monetaryCost":363355.5628449508}