{"_timestamp":1.7495637837895525e+09,"monetaryCost":390398.36905204854,"_runtime":367.634611,"_step":0,"_wandb":{"runtime":367},"finalMSE":0.11736391484737396,"totalWells":14,"timeCost":39039.83690520486,"finalFidelity":0.882636085152626}