{"_runtime":211.9833963,"finalMSE":0.10394369065761566,"_wandb":{"runtime":211},"monetaryCost":584063.3161054115,"timeCost":58406.331610541136,"_timestamp":1.7495143526342463e+09,"finalFidelity":0.8960563093423843,"totalWells":21,"_step":0}