{"_timestamp":1.7495115195180097e+09,"finalFidelity":0.8801397606730461,"_wandb":{"runtime":728},"totalWells":14,"timeCost":38992.49240616845,"_runtime":728.2809681,"monetaryCost":389924.9240616845,"_step":0,"finalMSE":0.11986023932695389}