{"timeCost":47436.922748036974,"_timestamp":1.749515054162496e+09,"finalMSE":0.11314644664525986,"_step":0,"finalFidelity":0.8868535533547401,"monetaryCost":474369.2274803698,"_wandb":{"runtime":348},"_runtime":348.8220954,"totalWells":17}