{"totalWells":13,"_timestamp":1.7495309481053145e+09,"_runtime":516.8683087,"finalMSE":0.11927592754364014,"_wandb":{"runtime":516},"finalFidelity":0.8807240724563599,"timeCost":36250.87210661576,"_step":0,"monetaryCost":362508.72106615757}