{"finalMSE":0.12138952314853668,"monetaryCost":363858.5963695422,"timeCost":36385.85963695422,"_wandb":{"runtime":1790},"finalFidelity":0.8786104768514633,"_timestamp":1.7495550031100075e+09,"_runtime":1790.6349867,"totalWells":13,"_step":0}