{"totalWells":15,"_timestamp":1.7495241907270238e+09,"_runtime":239.5115711,"_wandb":{"runtime":239},"timeCost":41812.48907153084,"finalFidelity":0.8839681893587112,"_step":0,"finalMSE":0.11603181064128876,"monetaryCost":418124.8907153086}