{"_runtime":1567.1310639,"totalWells":13,"_wandb":{"runtime":1567},"_step":0,"_timestamp":1.7495187932342925e+09,"finalFidelity":0.8786015659570694,"finalMSE":0.1213984340429306,"monetaryCost":363702.67417455564,"timeCost":36370.267417455565}