{"timeCost":36354.018824384635,"finalFidelity":0.8793137222528458,"_runtime":521.7811606,"finalMSE":0.12068627774715424,"monetaryCost":363540.18824384635,"_step":0,"_timestamp":1.7495491115487087e+09,"_wandb":{"runtime":521},"totalWells":13}