{"totalWells":13,"_runtime":753.5098753,"finalMSE":0.12144785374403,"_step":0,"_wandb":{"runtime":753},"timeCost":36315.18536791944,"_timestamp":1.749537463320258e+09,"finalFidelity":0.87855214625597,"monetaryCost":363151.8536791944}