{"_wandb":{"runtime":301},"_timestamp":1.7495455328740275e+09,"finalFidelity":0.8784204125404358,"totalWells":13,"_runtime":301.612376,"_step":0,"timeCost":36266.809214300534,"finalMSE":0.12157958745956421,"monetaryCost":362668.09214300534}