{"finalMSE":0.11604823917150497,"finalFidelity":0.883951760828495,"_wandb":{"runtime":694},"totalWells":16,"_timestamp":1.7495559631004457e+09,"_step":0,"monetaryCost":446837.8518451555,"timeCost":44683.78518451555,"_runtime":694.9571598}