{"monetaryCost":445396.3967709557,"finalMSE":0.11417683959007263,"timeCost":44539.63967709556,"_wandb":{"runtime":368},"_step":0,"finalFidelity":0.8858231604099274,"_runtime":368.8369577,"_timestamp":1.7495574823600268e+09,"totalWells":16}