{"finalMSE":0.11849042773246765,"timeCost":39115.28222140597,"_timestamp":1.7495624501578052e+09,"_step":0,"monetaryCost":391152.8222140596,"_runtime":357.3326685,"totalWells":14,"_wandb":{"runtime":357},"finalFidelity":0.8815095722675323}