{"timeCost":36272.40424309886,"totalWells":13,"finalMSE":0.12150606513023376,"monetaryCost":362724.0424309885,"finalFidelity":0.8784939348697662,"_step":0,"_timestamp":1.7495455122041886e+09,"_wandb":{"runtime":284},"_runtime":284.4018026}