{"_runtime":274.0112518,"finalFidelity":0.8824210688471794,"timeCost":39056.359065545075,"_timestamp":1.7495618271608005e+09,"totalWells":14,"finalMSE":0.11757893115282059,"_wandb":{"runtime":274},"monetaryCost":390563.5906554507,"_step":0}