{"totalWells":13,"timeCost":36371.78395550236,"finalMSE":0.1214180439710617,"_runtime":769.5582403,"monetaryCost":363717.83955502365,"_timestamp":1.7495260998777578e+09,"finalFidelity":0.8785819560289383,"_wandb":{"runtime":769},"_step":0}