{"totalWells":15,"finalMSE":0.11757266521453857,"timeCost":41761.81786119029,"_runtime":1175.8227897,"_timestamp":1.7495359140319562e+09,"monetaryCost":417618.17861190304,"_step":0,"finalFidelity":0.8824273347854614,"_wandb":{"runtime":1175}}