{"_runtime":319.9815224,"_timestamp":1.749516844592654e+09,"finalMSE":0.12155421078205109,"timeCost":36179.903568533904,"_wandb":{"runtime":319},"finalFidelity":0.8784457892179489,"_step":0,"totalWells":13,"monetaryCost":361799.035685339}