{"_runtime":886.460003,"_wandb":{"runtime":886},"timeCost":36363.323360755545,"finalMSE":0.1214132308959961,"monetaryCost":363633.23360755545,"_timestamp":1.74955080296991e+09,"_step":0,"totalWells":13,"finalFidelity":0.8785867691040039}