{"totalWells":13,"timeCost":36383.848374343164,"_timestamp":1.7495663046711652e+09,"_wandb":{"runtime":1391},"_step":0,"monetaryCost":363838.4837434316,"finalMSE":0.12138665467500687,"_runtime":1391.7803825,"finalFidelity":0.8786133453249931}