{"timeCost":44621.757827846195,"totalWells":16,"_wandb":{"runtime":320},"monetaryCost":446217.57827846194,"finalMSE":0.11690471321344376,"_timestamp":1.7495405279030972e+09,"finalFidelity":0.8830952867865562,"_step":0,"_runtime":320.3846071}