{"_timestamp":1.7495624430986526e+09,"_runtime":320.0414989,"_wandb":{"runtime":320},"timeCost":47297.14897789828,"_step":0,"finalFidelity":0.8871329352259636,"totalWells":17,"finalMSE":0.11286706477403641,"monetaryCost":472971.48977898277}