{"_step":0,"finalFidelity":0.8785448744893074,"totalWells":13,"_timestamp":1.749532997349715e+09,"_runtime":1310.2833141,"finalMSE":0.1214551255106926,"monetaryCost":363365.7348492108,"_wandb":{"runtime":1310},"timeCost":36336.573484921086}