{"totalWells":13,"finalMSE":0.12143009901046753,"_wandb":{"runtime":1250},"_timestamp":1.7495464829652464e+09,"monetaryCost":363645.8726740404,"_runtime":1250.8284872,"_step":0,"finalFidelity":0.8785699009895325,"timeCost":36364.58726740403}