{"timeCost":52807.716798511996,"finalFidelity":0.8954765871167183,"finalMSE":0.10452341288328171,"totalWells":19,"_step":0,"_timestamp":1.7495677520073924e+09,"_wandb":{"runtime":164},"monetaryCost":528077.16798512,"_runtime":164.0549111}