{"_wandb":{"runtime":605},"_step":0,"_runtime":605.2257377,"finalFidelity":0.8798886835575104,"_timestamp":1.749562443103282e+09,"totalWells":13,"monetaryCost":363500.71431816317,"finalMSE":0.12011131644248962,"timeCost":36350.071431816315}