{"finalFidelity":0.9085867777466774,"finalMSE":0.0914132222533226,"totalWells":26,"_step":0,"_wandb":{"runtime":55},"_runtime":55.8341808,"monetaryCost":713232.841479001,"timeCost":71323.28414790009,"_timestamp":1.7495099716392007e+09}