{"monetaryCost":417413.39212826535,"_timestamp":1.7495485829856172e+09,"totalWells":15,"finalMSE":0.11569719016551971,"_runtime":250.6861305,"_wandb":{"runtime":250},"timeCost":41741.33921282654,"finalFidelity":0.8843028098344803,"_step":0}