{"finalFidelity":0.8795524910092354,"_runtime":342.1856881,"totalWells":13,"_timestamp":1.749517130866097e+09,"timeCost":36314.83995864363,"_wandb":{"runtime":342},"monetaryCost":363148.39958643634,"_step":0,"finalMSE":0.12044750899076462}