{"_wandb":{"runtime":806},"_runtime":806.3683103,"totalWells":13,"monetaryCost":363251.76932334166,"timeCost":36325.176932334165,"finalMSE":0.12137775868177414,"finalFidelity":0.8786222413182259,"_timestamp":1.74951766232145e+09,"_step":0}