{"_runtime":1196.0951118,"totalWells":13,"_timestamp":1.7495593260097454e+09,"_wandb":{"runtime":1196},"_step":0,"timeCost":36372.33821455802,"monetaryCost":363723.38214558014,"finalFidelity":0.8786113411188126,"finalMSE":0.12138865888118744}