{"totalWells":13,"_step":0,"monetaryCost":363568.95732471097,"timeCost":36356.8957324711,"_timestamp":1.749546482970095e+09,"_wandb":{"runtime":960},"finalFidelity":0.878584511578083,"_runtime":960.9811054,"finalMSE":0.12141548842191696}