{"timeCost":36346.53359213418,"_wandb":{"runtime":795},"_timestamp":1.7495179499710808e+09,"totalWells":13,"monetaryCost":363465.3359213419,"finalFidelity":0.8785275667905807,"_runtime":795.1439877,"_step":0,"finalMSE":0.12147243320941925}