{"_wandb":{"runtime":1074},"finalMSE":0.12144839763641357,"monetaryCost":363413.6293458494,"_step":0,"_runtime":1074.3186449,"timeCost":36341.36293458495,"totalWells":13,"_timestamp":1.7495604030002637e+09,"finalFidelity":0.8785516023635864}