{"monetaryCost":390645.66745000903,"finalMSE":0.11699438840150833,"finalFidelity":0.8830056115984917,"timeCost":39064.56674500091,"_wandb":{"runtime":333},"totalWells":14,"_runtime":333.5670532,"_step":0,"_timestamp":1.7495420185942748e+09}