{"timeCost":36278.31658957085,"totalWells":13,"monetaryCost":362783.16589570843,"_step":0,"finalFidelity":0.8785102814435959,"_timestamp":1.7495192660393593e+09,"_wandb":{"runtime":461},"finalMSE":0.12148971855640411,"_runtime":461.6895183}