{"_wandb":{"runtime":1097},"_step":0,"monetaryCost":363726.94862899394,"finalFidelity":0.8786126673221588,"finalMSE":0.12138733267784119,"_runtime":1097.8133383,"totalWells":13,"timeCost":36372.69486289939,"_timestamp":1.7495252991433947e+09}