{"_step":0,"finalMSE":0.12138935178518295,"finalFidelity":0.878610648214817,"_wandb":{"runtime":1390},"_runtime":1390.6725669,"_timestamp":1.7495663035776742e+09,"monetaryCost":363766.41547440423,"timeCost":36376.64154744042,"totalWells":13}