{"timeCost":50231.04988249966,"_runtime":789.4091175,"_wandb":{"runtime":789},"finalMSE":0.11257628351449966,"monetaryCost":502310.49882499664,"totalWells":18,"_step":0,"finalFidelity":0.8874237164855003,"_timestamp":1.7495477430112557e+09}