{"_timestamp":1.7495304232333555e+09,"_step":0,"finalMSE":0.11116522550582886,"_wandb":{"runtime":381},"totalWells":19,"_runtime":381.0895463,"finalFidelity":0.8888347744941711,"timeCost":52892.00124884605,"monetaryCost":528920.0124884604}