{"_runtime":290.0468363,"_wandb":{"runtime":290},"totalWells":18,"monetaryCost":497574.82212459715,"_step":0,"finalMSE":0.11074279993772507,"finalFidelity":0.8892572000622749,"timeCost":49757.48221245972,"_timestamp":1.7495312445936773e+09}