{"finalFidelity":0.8785842508077621,"_timestamp":1.7495499031233165e+09,"_step":0,"finalMSE":0.12141574919223785,"monetaryCost":363725.33813122415,"_runtime":810.1574169,"totalWells":13,"timeCost":36372.53381312241,"_wandb":{"runtime":810}}