{"_step":0,"timeCost":36343.55496022627,"finalFidelity":0.8785771876573563,"_runtime":1038.1071519,"finalMSE":0.12142281234264374,"totalWells":13,"monetaryCost":363435.5496022627,"_timestamp":1.7495125691739902e+09,"_wandb":{"runtime":1038}}