{"_runtime":337.6452569,"finalMSE":0.1214396134018898,"timeCost":36324.26853166438,"_timestamp":1.749525321167167e+09,"_step":0,"finalFidelity":0.8785603865981102,"totalWells":13,"monetaryCost":363242.6853166439,"_wandb":{"runtime":337}}