{"monetaryCost":418993.142925035,"_timestamp":1.7495216477994764e+09,"_runtime":713.868965,"finalMSE":0.11526598036289215,"finalFidelity":0.8847340196371078,"_step":0,"_wandb":{"runtime":713},"timeCost":41899.31429250351,"totalWells":15}