{"_step":0,"monetaryCost":389988.43534307805,"finalFidelity":0.8801942020654678,"_wandb":{"runtime":585},"finalMSE":0.11980579793453217,"timeCost":38998.84353430781,"totalWells":14,"_runtime":585.2999383,"_timestamp":1.7495565575004642e+09}