{"timeCost":47011.51273976363,"_timestamp":1.749531016706193e+09,"_step":0,"finalMSE":0.1113462895154953,"monetaryCost":470115.12739763624,"_runtime":280.5833952,"_wandb":{"runtime":280},"totalWells":17,"finalFidelity":0.8886537104845047}