{"_wandb":{"runtime":484},"timeCost":39094.06750454886,"_runtime":484.4058114,"finalFidelity":0.8807026147842407,"monetaryCost":390940.67504548875,"_timestamp":1.749555496009063e+09,"totalWells":14,"_step":0,"finalMSE":0.11929738521575928}