{"finalFidelity":0.8784732669591904,"_timestamp":1.749558122985819e+09,"_step":0,"_runtime":1008.6616952,"finalMSE":0.12152673304080963,"monetaryCost":362983.6176394381,"timeCost":36298.361763943816,"_wandb":{"runtime":1008},"totalWells":13}