{"_runtime":2543.9944828,"finalMSE":0.12140056490898132,"timeCost":36361.63581769353,"_wandb":{"runtime":2543},"monetaryCost":363616.35817693523,"_timestamp":1.7495400630822825e+09,"_step":0,"totalWells":13,"finalFidelity":0.8785994350910187}