{"_wandb":{"runtime":562},"timeCost":36268.86780773579,"finalFidelity":0.8797854259610176,"monetaryCost":362688.67807735794,"_step":0,"totalWells":13,"_timestamp":1.7495659231958969e+09,"finalMSE":0.12021457403898239,"_runtime":562.9070047}