{"_step":0,"_wandb":{"runtime":1014},"monetaryCost":363572.84437468665,"_timestamp":1.7495532029860022e+09,"finalFidelity":0.8785854130983353,"finalMSE":0.12141458690166473,"timeCost":36357.28443746866,"totalWells":13,"_runtime":1014.7439713}