{"_timestamp":1.749546943916663e+09,"finalMSE":0.1059485375881195,"_wandb":{"runtime":142},"monetaryCost":526120.6214057299,"finalFidelity":0.8940514624118805,"_runtime":142.8663177,"timeCost":52612.06214057299,"totalWells":19,"_step":0}