{"totalWells":13,"finalMSE":0.12130603194236755,"monetaryCost":363535.4354149053,"_timestamp":1.749543062975474e+09,"_runtime":1406.7978482,"timeCost":36353.54354149053,"_step":0,"finalFidelity":0.8786939680576324,"_wandb":{"runtime":1406}}