{"totalWells":24,"monetaryCost":659813.606417509,"finalMSE":0.09495232254266739,"timeCost":65981.3606417509,"_timestamp":1.74950990644325e+09,"_step":0,"finalFidelity":0.9050476774573326,"_wandb":{"runtime":51},"_runtime":51.8633902}