{"_timestamp":1.7495240423897426e+09,"_runtime":222.8460471,"_wandb":{"runtime":222},"finalFidelity":0.8809410259127617,"totalWells":14,"timeCost":39119.67303628003,"finalMSE":0.11905897408723831,"_step":0,"monetaryCost":391196.73036280024}