{"finalMSE":0.12144150584936142,"_runtime":841.0839407,"timeCost":36340.25434232879,"_wandb":{"runtime":841},"finalFidelity":0.8785584941506386,"_timestamp":1.7495649029751983e+09,"totalWells":13,"monetaryCost":363402.5434232878,"_step":0}