{"finalFidelity":0.8785907477140427,"_step":0,"timeCost":36366.4956101785,"_runtime":812.4684136,"finalMSE":0.12140925228595734,"_wandb":{"runtime":812},"totalWells":13,"_timestamp":1.7495264073110707e+09,"monetaryCost":363664.95610178483}