{"_timestamp":1.749522356456023e+09,"monetaryCost":418804.81622376246,"_step":0,"finalFidelity":0.8850121796131134,"totalWells":15,"timeCost":41880.48162237623,"_wandb":{"runtime":701},"finalMSE":0.1149878203868866,"_runtime":701.0967331}