{"_wandb":{"runtime":736},"timeCost":41804.312677638154,"totalWells":15,"_step":0,"_timestamp":1.7495593229865296e+09,"finalMSE":0.11745703220367432,"monetaryCost":418043.1267763815,"finalFidelity":0.8825429677963257,"_runtime":736.6073043}