{"timeCost":61131.794606780284,"totalWells":22,"_timestamp":1.7495206060220273e+09,"_runtime":185.287072,"_wandb":{"runtime":185},"finalFidelity":0.8979365229606628,"_step":0,"finalMSE":0.10206347703933716,"monetaryCost":611317.9460678027}