{"totalWells":13,"_wandb":{"runtime":816},"monetaryCost":363609.14109863515,"_timestamp":1.7495264567207146e+09,"_step":0,"finalMSE":0.12143950164318085,"finalFidelity":0.8785604983568192,"_runtime":816.1299832,"timeCost":36360.91410986351}