{"totalWells":13,"_timestamp":1.7495593229883487e+09,"_runtime":629.5871836,"monetaryCost":361386.43736985757,"finalFidelity":0.8801223412156105,"_wandb":{"runtime":629},"_step":0,"timeCost":36138.64373698575,"finalMSE":0.1198776587843895}