{"_step":0,"monetaryCost":360530.34140343027,"finalMSE":0.12013227492570877,"timeCost":36053.03414034302,"_wandb":{"runtime":446},"_runtime":446.4326643,"totalWells":13,"finalFidelity":0.8798677250742912,"_timestamp":1.7495327396860282e+09}