{"finalFidelity":0.9010796025395393,"timeCost":60724.44667725657,"_step":0,"totalWells":22,"_runtime":171.1584354,"finalMSE":0.09892039746046066,"monetaryCost":607244.4667725656,"_timestamp":1.7495605846923687e+09,"_wandb":{"runtime":171}}