{"_runtime":295.4229984,"_wandb":{"runtime":295},"finalMSE":0.11569052934646606,"finalFidelity":0.8843094706535339,"totalWells":15,"_timestamp":1.7495297097244985e+09,"_step":0,"timeCost":41819.36483533933,"monetaryCost":418193.6483533933}