{"monetaryCost":363300.4745713559,"timeCost":36330.04745713559,"_runtime":429.3060503,"_wandb":{"runtime":429},"_step":0,"finalMSE":0.12143643945455551,"finalFidelity":0.8785635605454445,"totalWells":13,"_timestamp":1.7495273372190313e+09}