{"_timestamp":1.7495161407306712e+09,"_wandb":{"runtime":537},"_step":0,"monetaryCost":363198.7511260209,"finalFidelity":0.8798311874270439,"_runtime":537.4458522,"totalWells":13,"finalMSE":0.12016881257295609,"timeCost":36319.8751126021}