{"monetaryCost":362544.7604872181,"timeCost":36254.47604872181,"finalMSE":0.12124312669038773,"totalWells":13,"_timestamp":1.7495494224886692e+09,"finalFidelity":0.8787568733096123,"_runtime":304.3359256,"_step":0,"_wandb":{"runtime":304}}