{"finalFidelity":0.8785163685679436,"totalWells":13,"monetaryCost":363195.65246383613,"timeCost":36319.565246383616,"_runtime":755.4523238,"_wandb":{"runtime":755},"_timestamp":1.7495374854434028e+09,"_step":0,"finalMSE":0.12148363143205643}