{"finalFidelity":0.8942902684211731,"totalWells":20,"_timestamp":1.7495559631016467e+09,"_runtime":456.2441033,"_step":0,"timeCost":55115.92815200924,"finalMSE":0.1057097315788269,"monetaryCost":551159.2815200924,"_wandb":{"runtime":456}}