{"finalFidelity":0.8785734102129936,"_step":0,"totalWells":13,"finalMSE":0.12142658978700638,"timeCost":36356.19215149027,"_timestamp":1.749559389898079e+09,"_runtime":1256.843965,"monetaryCost":363561.92151490273,"_wandb":{"runtime":1256}}