{"monetaryCost":363736.20486336784,"finalMSE":0.1213979497551918,"_runtime":2180.3947243,"_step":0,"totalWells":13,"_wandb":{"runtime":2180},"timeCost":36373.62048633678,"_timestamp":1.7495367619256272e+09,"finalFidelity":0.8786020502448082}