{"timeCost":44614.14439526631,"finalMSE":0.11770405620336533,"_runtime":330.4904452,"_wandb":{"runtime":330},"finalFidelity":0.8822959437966347,"totalWells":16,"_step":0,"monetaryCost":446141.44395266316,"_timestamp":1.749514694495902e+09}