{"_wandb":{"runtime":738},"timeCost":36317.35437967779,"finalMSE":0.12144588679075241,"_step":0,"totalWells":13,"monetaryCost":363173.54379677796,"_timestamp":1.749537509233152e+09,"finalFidelity":0.8785541132092476,"_runtime":738.3709002}