{"_wandb":{"runtime":436},"finalFidelity":0.8793247938156128,"monetaryCost":363161.8762259376,"_timestamp":1.7495653500752716e+09,"_runtime":436.6045565,"totalWells":13,"finalMSE":0.12067520618438721,"_step":0,"timeCost":36316.18762259375}