{"timeCost":36334.55432646274,"finalMSE":0.12142592668533325,"finalFidelity":0.8785740733146667,"_runtime":800.4083005,"_step":0,"_wandb":{"runtime":800},"monetaryCost":363345.5432646274,"_timestamp":1.7495179400019684e+09,"totalWells":13}