{"finalFidelity":0.8916506841778755,"_step":0,"finalMSE":0.10834931582212448,"totalWells":18,"_wandb":{"runtime":304},"monetaryCost":501006.7664424105,"timeCost":50100.67664424103,"_timestamp":1.7495553164742117e+09,"_runtime":304.9930658}