{"_timestamp":1.749515456573458e+09,"_step":0,"_runtime":597.04564,"finalMSE":0.1164262443780899,"finalFidelity":0.8835737556219101,"timeCost":41907.813516759226,"_wandb":{"runtime":597},"totalWells":15,"monetaryCost":419078.1351675924}