{"finalFidelity":0.8789081424474716,"_runtime":346.6068278,"_step":0,"totalWells":13,"monetaryCost":362816.16084190714,"_wandb":{"runtime":346},"_timestamp":1.7495249759314637e+09,"timeCost":36281.61608419071,"finalMSE":0.12109185755252838}