{"finalFidelity":0.8784860000014305,"_step":0,"totalWells":13,"monetaryCost":363595.6431337197,"_wandb":{"runtime":1212},"timeCost":36359.56431337197,"_timestamp":1.7495328283727813e+09,"_runtime":1212.508901,"finalMSE":0.12151399999856949}