{"_wandb":{"runtime":1252},"totalWells":18,"monetaryCost":500624.6569492051,"_step":0,"finalFidelity":0.8880457058548927,"timeCost":50062.465694920524,"finalMSE":0.11195429414510727,"_runtime":1252.1608133,"_timestamp":1.7495550031005268e+09}