{"finalFidelity":0.8786032348871231,"_wandb":{"runtime":1619},"finalMSE":0.12139676511287689,"_timestamp":1.749528035280703e+09,"_runtime":1619.7615992,"timeCost":36377.27062770372,"_step":0,"totalWells":13,"monetaryCost":363772.70627703716}