{"monetaryCost":446794.75774034264,"finalMSE":0.11711109429597855,"finalFidelity":0.8828889057040215,"_wandb":{"runtime":825},"_timestamp":1.749523191764501e+09,"timeCost":44679.47577403426,"_runtime":825.0219201,"_step":0,"totalWells":16}