{"_wandb":{"runtime":514},"_timestamp":1.7495491044893947e+09,"_step":0,"totalWells":13,"timeCost":36349.58500706451,"finalMSE":0.12113216519355774,"_runtime":514.5916623,"finalFidelity":0.8788678348064423,"monetaryCost":363495.85007064504}