{"finalMSE":0.12141622602939606,"monetaryCost":363498.56206349836,"_runtime":1067.598956,"timeCost":36349.85620634984,"_timestamp":1.7495172161979678e+09,"_step":0,"finalFidelity":0.8785837739706039,"totalWells":13,"_wandb":{"runtime":1067}}