{"monetaryCost":388980.832309403,"_runtime":314.3537561,"finalMSE":0.11679964512586594,"timeCost":38898.083230940305,"_step":0,"_timestamp":1.7495574279022372e+09,"finalFidelity":0.8832003548741341,"totalWells":14,"_wandb":{"runtime":314}}