{"totalWells":13,"monetaryCost":363751.85623547086,"_runtime":1087.8491916,"_step":0,"_timestamp":1.749519942609892e+09,"timeCost":36375.18562354709,"finalMSE":0.12142807245254517,"finalFidelity":0.8785719275474548,"_wandb":{"runtime":1087}}