{"timeCost":36330.85249610453,"_wandb":{"runtime":1068},"monetaryCost":363308.52496104536,"finalMSE":0.12149804830551147,"totalWells":13,"_timestamp":1.749560402991331e+09,"_runtime":1068.5312801,"_step":0,"finalFidelity":0.8785019516944885}