{"_timestamp":1.7495103064721885e+09,"_runtime":156.0010472,"_wandb":{"runtime":156},"finalMSE":0.11440667510032654,"finalFidelity":0.8855933248996735,"timeCost":44292.568167393816,"monetaryCost":442925.6816739382,"_step":0,"totalWells":16}