{"_step":0,"monetaryCost":363737.0224922458,"_runtime":1014.8448553,"finalMSE":0.12141218036413193,"totalWells":13,"finalFidelity":0.8785878196358681,"_wandb":{"runtime":1014},"timeCost":36373.702249224574,"_timestamp":1.7495532029884927e+09}