{"monetaryCost":363440.33592489973,"_timestamp":1.749536702461998e+09,"_step":0,"finalFidelity":0.8785891979932785,"finalMSE":0.1214108020067215,"timeCost":36344.03359248997,"totalWells":13,"_runtime":2495.13289,"_wandb":{"runtime":2495}}