{"totalWells":13,"_timestamp":1.74954552360948e+09,"monetaryCost":363396.86926376924,"_step":0,"_wandb":{"runtime":292},"finalMSE":0.12153620272874832,"timeCost":36339.686926376926,"_runtime":292.6326257,"finalFidelity":0.8784637972712517}