{"_step":0,"finalMSE":0.11949335038661957,"totalWells":14,"monetaryCost":389651.1034709361,"timeCost":38965.110347093614,"_runtime":746.4668511,"finalFidelity":0.8805066496133804,"_wandb":{"runtime":746},"_timestamp":1.7495115426792033e+09}