{"totalWells":13,"_runtime":493.2158952,"_wandb":{"runtime":493},"_timestamp":1.74954908329816e+09,"timeCost":36342.91676395075,"_step":0,"finalMSE":0.1202428936958313,"finalFidelity":0.8797571063041687,"monetaryCost":363429.1676395075}