{"_runtime":2057.2902435,"finalMSE":0.121382936835289,"totalWells":13,"monetaryCost":363834.3902716218,"_timestamp":1.749530511054839e+09,"_wandb":{"runtime":2057},"_step":0,"finalFidelity":0.878617063164711,"timeCost":36383.439027162174}