{"_step":0,"finalMSE":0.11477626860141754,"timeCost":41811.25696117403,"finalFidelity":0.8852237313985825,"totalWells":15,"_wandb":{"runtime":302},"monetaryCost":418112.5696117404,"_timestamp":1.749540498028143e+09,"_runtime":302.1440413}