{"_step":0,"_wandb":{"runtime":444},"_timestamp":1.7495585780911183e+09,"_runtime":444.6001237,"finalFidelity":0.882119357585907,"timeCost":39031.030419008704,"totalWells":14,"monetaryCost":390310.3041900869,"finalMSE":0.11788064241409302}