{"_timestamp":1.7495183795916169e+09,"_wandb":{"runtime":420},"monetaryCost":362984.9286862147,"finalMSE":0.12145134061574936,"timeCost":36298.49286862148,"finalFidelity":0.8785486593842506,"totalWells":13,"_runtime":420.1811346,"_step":0}