{"timeCost":36372.51973703455,"_step":0,"finalFidelity":0.8785879984498024,"_timestamp":1.749525700594113e+09,"finalMSE":0.1214120015501976,"monetaryCost":363725.19737034553,"_wandb":{"runtime":1102},"_runtime":1102.0194107,"totalWells":13}