{"finalMSE":0.11278843134641647,"totalWells":18,"timeCost":50205.355818909185,"monetaryCost":502053.5581890918,"_runtime":615.3876664,"_step":0,"_timestamp":1.7495615429830072e+09,"finalFidelity":0.8872115686535835,"_wandb":{"runtime":615}}