{"_runtime":2151.5732238,"_step":0,"timeCost":36366.093499772534,"_wandb":{"runtime":2151},"_timestamp":1.7495452229793825e+09,"finalFidelity":0.8785885125398636,"monetaryCost":363660.9349977253,"finalMSE":0.12141148746013641,"totalWells":13}