{"_runtime":1566.113007,"finalMSE":0.12139350920915604,"_timestamp":1.7495480554509628e+09,"_wandb":{"runtime":1566},"_step":0,"monetaryCost":363733.88500404824,"totalWells":13,"timeCost":36373.38850040482,"finalFidelity":0.878606490790844}