{"totalWells":14,"_step":0,"monetaryCost":390062.0859974435,"finalMSE":0.11810573935508728,"_runtime":518.0806725,"_timestamp":1.7495564895236087e+09,"_wandb":{"runtime":518},"finalFidelity":0.8818942606449127,"timeCost":39006.20859974434}