{"_runtime":1685.3131785,"monetaryCost":363785.52489086904,"_wandb":{"runtime":1685},"timeCost":36378.55248908691,"_timestamp":1.7495196394852016e+09,"_step":0,"finalMSE":0.12140078097581863,"finalFidelity":0.8785992190241814,"totalWells":13}