{"_step":0,"totalWells":13,"finalMSE":0.12070905417203903,"_runtime":519.7931655,"finalFidelity":0.879290945827961,"monetaryCost":363755.1643657838,"timeCost":36375.516436578386,"_timestamp":1.7495485829758945e+09,"_wandb":{"runtime":519}}