{"monetaryCost":473065.2599512216,"_wandb":{"runtime":537},"finalFidelity":0.8879037126898766,"_step":0,"finalMSE":0.11209628731012344,"totalWells":17,"_timestamp":1.7495571029749553e+09,"timeCost":47306.52599512215,"_runtime":537.7302289}