{"_runtime":430.1228127,"finalMSE":0.12152901291847229,"_wandb":{"runtime":430},"_step":0,"monetaryCost":363230.2009005942,"_timestamp":1.7495268971438925e+09,"totalWells":13,"finalFidelity":0.8784709870815277,"timeCost":36323.020090059406}