{"_runtime":305.2109133,"monetaryCost":362666.2114037237,"_wandb":{"runtime":305},"finalFidelity":0.8785310536623001,"finalMSE":0.12146894633769989,"_step":0,"totalWells":13,"timeCost":36266.621140372365,"_timestamp":1.749525630687315e+09}