{"_wandb":{"runtime":253},"finalMSE":0.11435147374868393,"timeCost":41674.02898091934,"_timestamp":1.7495627057571776e+09,"finalFidelity":0.8856485262513161,"monetaryCost":416740.28980919346,"_step":0,"totalWells":15,"_runtime":253.7365239}