{"totalWells":13,"_step":0,"finalFidelity":0.8785807862877846,"_wandb":{"runtime":2169},"timeCost":36367.57215394952,"monetaryCost":363675.7215394953,"_runtime":2169.8179956,"_timestamp":1.7495148143969631e+09,"finalMSE":0.12141921371221542}