{"totalWells":13,"timeCost":36377.49468844698,"finalMSE":0.12138403207063675,"finalFidelity":0.8786159679293633,"_wandb":{"runtime":2068},"_timestamp":1.7495308320449765e+09,"_step":0,"monetaryCost":363774.9468844698,"_runtime":2068.3572064}