{"finalFidelity":0.8823873549699783,"_step":0,"monetaryCost":445990.34502604057,"_timestamp":1.7495150984102697e+09,"timeCost":44599.03450260405,"_wandb":{"runtime":329},"_runtime":329.4794721,"finalMSE":0.11761264503002167,"totalWells":16}