{"_step":0,"timeCost":36383.12268170303,"totalWells":13,"_runtime":1372.6427982,"finalMSE":0.12138772010803223,"finalFidelity":0.8786122798919678,"_timestamp":1.7495521829719605e+09,"_wandb":{"runtime":1372},"monetaryCost":363831.22681703034}