{"monetaryCost":362056.95593448076,"_runtime":318.8792881,"_step":0,"finalMSE":0.11959827691316605,"timeCost":36205.69559344808,"finalFidelity":0.880401723086834,"totalWells":13,"_timestamp":1.7495641141168022e+09,"_wandb":{"runtime":318}}