{"finalFidelity":0.8785766586661339,"_step":0,"finalMSE":0.12142334133386612,"_runtime":893.2223887,"_wandb":{"runtime":893},"totalWells":13,"timeCost":36358.670759816334,"monetaryCost":363586.7075981634,"_timestamp":1.749550802982985e+09}