{"monetaryCost":363619.55503622413,"timeCost":36361.95550362242,"_step":0,"_timestamp":1.7495238113985205e+09,"finalMSE":0.1195678561925888,"finalFidelity":0.8804321438074112,"totalWells":13,"_wandb":{"runtime":612},"_runtime":612.4591321}