{"finalFidelity":0.8841208890080452,"_step":0,"_wandb":{"runtime":356},"_timestamp":1.7495411429634695e+09,"finalMSE":0.1158791109919548,"totalWells":15,"_runtime":356.3804426,"monetaryCost":417574.00286095985,"timeCost":41757.40028609599}