{"timeCost":39126.61475672231,"_runtime":798.9921017,"finalMSE":0.11870953440666199,"_wandb":{"runtime":798},"_timestamp":1.7495411429682937e+09,"_step":0,"finalFidelity":0.881290465593338,"totalWells":14,"monetaryCost":391266.147567223}