{"totalWells":13,"finalFidelity":0.8786146268248558,"_wandb":{"runtime":1145},"timeCost":36381.54774767209,"_runtime":1145.8015815,"_timestamp":1.7495513808093128e+09,"monetaryCost":363815.47747672093,"_step":0,"finalMSE":0.1213853731751442}