{"timeCost":57638.32126090729,"monetaryCost":576383.2126090729,"_timestamp":1.7495292033740132e+09,"_runtime":170.1758164,"totalWells":21,"_wandb":{"runtime":170},"_step":0,"finalFidelity":0.9024288654327393,"finalMSE":0.09757113456726074}