{"monetaryCost":661349.6538971937,"_runtime":192.5464623,"_wandb":{"runtime":192},"timeCost":66134.96538971935,"finalMSE":0.09068310260772705,"finalFidelity":0.909316897392273,"_step":0,"totalWells":24,"_timestamp":1.749529404065385e+09}