{"timeCost":36382.66225853559,"totalWells":13,"monetaryCost":363826.62258535594,"_step":0,"_timestamp":1.7495452229814231e+09,"_wandb":{"runtime":2151},"finalFidelity":0.8786030486226082,"_runtime":2151.2211432,"finalMSE":0.12139695137739182}