{"monetaryCost":692607.1574711094,"_timestamp":1.749540235251442e+09,"_wandb":{"runtime":162},"finalMSE":0.0938284769654274,"finalFidelity":0.9061715230345726,"_runtime":162.8165208,"_step":0,"timeCost":69260.71574711094,"totalWells":25}