{"_runtime":281.2244776,"_step":0,"finalMSE":0.1167859360575676,"monetaryCost":417972.3918157801,"_wandb":{"runtime":281},"_timestamp":1.7495618341931107e+09,"timeCost":41797.23918157801,"finalFidelity":0.8832140639424324,"totalWells":15}