{"_timestamp":1.7495437733954227e+09,"_wandb":{"runtime":702},"monetaryCost":363223.77453624,"finalMSE":0.12144074589014053,"totalWells":13,"timeCost":36322.377453624,"_runtime":702.1726069,"_step":0,"finalFidelity":0.8785592541098595}