{"_step":0,"_wandb":{"runtime":1406},"monetaryCost":363633.74926999555,"timeCost":36363.37492699956,"finalMSE":0.12141332030296326,"finalFidelity":0.8785866796970367,"_runtime":1406.5891503,"totalWells":13,"_timestamp":1.7495430629772334e+09}