{"_wandb":{"runtime":965},"monetaryCost":363618.66844841914,"timeCost":36361.86684484191,"_step":0,"finalFidelity":0.8785909786820412,"totalWells":13,"finalMSE":0.12140902131795883,"_timestamp":1.7495672777776275e+09,"_runtime":965.1756152}