{"totalWells":13,"_timestamp":1.7495499031164548e+09,"finalMSE":0.12093713134527206,"monetaryCost":363757.41306799476,"finalFidelity":0.8790628686547279,"_wandb":{"runtime":1312},"timeCost":36375.74130679947,"_runtime":1312.8997287,"_step":0}