{"_runtime":338.2576455,"finalMSE":0.12074685096740723,"monetaryCost":389746.7438540629,"_timestamp":1.7495641383538983e+09,"_wandb":{"runtime":338},"finalFidelity":0.8792531490325928,"totalWells":14,"timeCost":38974.67438540629,"_step":0}