{"_timestamp":1.7495147590028691e+09,"finalFidelity":0.8785841539502144,"totalWells":13,"_runtime":2150.0793127,"finalMSE":0.12141584604978561,"timeCost":36366.93056127637,"monetaryCost":363669.3056127637,"_step":0,"_wandb":{"runtime":2150}}