{"finalFidelity":0.9045641124248505,"timeCost":68876.96960179941,"_timestamp":1.749529023204659e+09,"finalMSE":0.09543588757514954,"totalWells":25,"monetaryCost":688769.6960179942,"_step":0,"_wandb":{"runtime":193},"_runtime":193.3765551}