{"monetaryCost":363656.09784451924,"_runtime":5855.7442811,"finalMSE":0.12140396982431412,"_timestamp":1.7495388626541271e+09,"_step":0,"_wandb":{"runtime":5855},"totalWells":13,"timeCost":36365.60978445192,"finalFidelity":0.8785960301756859}