{"totalWells":13,"finalMSE":0.12138982862234116,"monetaryCost":363795.72430959216,"timeCost":36379.57243095922,"_runtime":1609.5798553,"_timestamp":1.749547152049893e+09,"_step":0,"_wandb":{"runtime":1609},"finalFidelity":0.8786101713776588}