{"timeCost":41793.8312885413,"finalMSE":0.1169576421380043,"_runtime":961.0904684,"_step":0,"finalFidelity":0.8830423578619957,"totalWells":15,"_wandb":{"runtime":961},"monetaryCost":417938.3128854132,"_timestamp":1.7495430629830506e+09}