{"finalFidelity":0.8786130771040916,"monetaryCost":363660.1317714275,"_runtime":1644.1897651,"timeCost":36366.01317714276,"finalMSE":0.12138692289590836,"totalWells":13,"_wandb":{"runtime":1644},"_timestamp":1.7495193155550559e+09,"_step":0}