{"_wandb":{"runtime":250},"timeCost":41835.69175014898,"_runtime":250.8414659,"_step":0,"finalMSE":0.11365726590156555,"monetaryCost":418356.91750148975,"_timestamp":1.7495483497784903e+09,"finalFidelity":0.8863427340984344,"totalWells":15}