{"monetaryCost":363770.0974157033,"_runtime":3276.3087304,"_timestamp":1.7495229251301062e+09,"_wandb":{"runtime":3276},"totalWells":13,"finalFidelity":0.8786151632666588,"timeCost":36377.00974157032,"_step":0,"finalMSE":0.12138483673334122}