{"_timestamp":1.7495521829681182e+09,"finalFidelity":0.8785575702786446,"_runtime":792.0795465,"_step":0,"timeCost":36313.92285659133,"finalMSE":0.12144242972135544,"totalWells":13,"_wandb":{"runtime":792},"monetaryCost":363139.2285659132}