{"_step":0,"finalFidelity":0.8786119893193245,"totalWells":13,"timeCost":36386.53523456585,"_wandb":{"runtime":2112},"_timestamp":1.7495301555614886e+09,"finalMSE":0.1213880106806755,"monetaryCost":363865.35234565847,"_runtime":2112.9516998}