{"_timestamp":1.7495209266217213e+09,"_wandb":{"runtime":165},"finalFidelity":0.8945980966091156,"finalMSE":0.1054019033908844,"timeCost":52652.04139625591,"_step":0,"monetaryCost":526520.4139625591,"_runtime":165.1288474,"totalWells":19}