{"finalMSE":0.12142030894756317,"monetaryCost":363702.16246325185,"_step":0,"_wandb":{"runtime":2145},"finalFidelity":0.8785796910524368,"_timestamp":1.7495615429759545e+09,"timeCost":36370.21624632519,"_runtime":2145.7347993,"totalWells":13}