{"monetaryCost":363427.81641609804,"timeCost":36342.781641609814,"finalMSE":0.12122110277414322,"_step":0,"_wandb":{"runtime":524},"finalFidelity":0.8787788972258568,"totalWells":13,"_timestamp":1.7495245772798653e+09,"_runtime":524.1840329}