{"finalMSE":0.11527188867330551,"finalFidelity":0.8847281113266945,"_runtime":260.3955384,"timeCost":44487.48813487104,"totalWells":16,"_step":0,"_wandb":{"runtime":260},"monetaryCost":444874.8813487104,"_timestamp":1.7495153656241064e+09}