{"finalFidelity":0.8809905499219894,"_wandb":{"runtime":515},"timeCost":39050.889310718005,"_runtime":515.0559439,"_step":0,"monetaryCost":390508.89310718,"totalWells":14,"finalMSE":0.11900945007801056,"_timestamp":1.7495555272738092e+09}