{"_timestamp":1.7495237933425632e+09,"_runtime":856.500033,"finalFidelity":0.8809604868292809,"_step":0,"finalMSE":0.11903951317071915,"_wandb":{"runtime":856},"totalWells":14,"monetaryCost":391285.50547324686,"timeCost":39128.55054732468}