{"finalFidelity":0.8804550170898438,"_step":0,"finalMSE":0.11954498291015625,"timeCost":36144.106135156406,"totalWells":13,"monetaryCost":361441.0613515641,"_runtime":557.5288648,"_wandb":{"runtime":557},"_timestamp":1.7495317000196517e+09}