{"_timestamp":1.7495316788491602e+09,"_step":0,"monetaryCost":418301.94253829634,"finalFidelity":0.8815104514360428,"_runtime":622.0816912,"_wandb":{"runtime":622},"finalMSE":0.11848954856395721,"timeCost":41830.194253829635,"totalWells":15}