{"_runtime":531.2927419,"finalMSE":0.12041745334863663,"finalFidelity":0.8795825466513634,"_step":0,"timeCost":36329.66710976465,"_wandb":{"runtime":531},"totalWells":13,"monetaryCost":363296.67109764647,"_timestamp":1.749531048865422e+09}