{"_runtime":755.4948259,"finalMSE":0.12145984917879105,"monetaryCost":363550.1731092699,"_step":0,"timeCost":36355.01731092699,"_timestamp":1.7495572543207083e+09,"totalWells":13,"_wandb":{"runtime":755},"finalFidelity":0.878540150821209}