{"_wandb":{"runtime":157},"_step":0,"finalMSE":0.09968475997447968,"_runtime":157.0257864,"totalWells":21,"_timestamp":1.7495537400247264e+09,"finalFidelity":0.9003152400255203,"timeCost":57325.68148593477,"monetaryCost":573256.8148593477}