{"_wandb":{"runtime":3567},"finalMSE":0.12139283120632172,"finalFidelity":0.8786071687936783,"monetaryCost":363805.9910227187,"_timestamp":1.7495239427596016e+09,"_runtime":3567.7410593,"timeCost":36380.59910227187,"_step":0,"totalWells":13}