{"finalMSE":0.10512959212064743,"_timestamp":1.7495675791402693e+09,"timeCost":52656.55843265082,"_runtime":139.8703786,"_step":0,"monetaryCost":526565.5843265082,"_wandb":{"runtime":139},"finalFidelity":0.8948704078793526,"totalWells":19}