{"finalFidelity":0.8788363263010979,"totalWells":13,"monetaryCost":363188.8153621529,"timeCost":36318.88153621529,"_timestamp":1.7495341992659116e+09,"_step":0,"_wandb":{"runtime":1773},"_runtime":1773.6295681,"finalMSE":0.12116367369890213}