{"monetaryCost":414571.6472467623,"finalFidelity":0.884044237434864,"totalWells":15,"_step":0,"_timestamp":1.7495555716790652e+09,"timeCost":41457.16472467623,"_wandb":{"runtime":248},"finalMSE":0.11595576256513596,"_runtime":248.1078146}