{"monetaryCost":363442.968835264,"timeCost":36344.296883526404,"_step":0,"_runtime":893.1346582,"_timestamp":1.749550802976419e+09,"finalFidelity":0.8785837143659592,"finalMSE":0.12141628563404083,"totalWells":13,"_wandb":{"runtime":893}}