{"monetaryCost":363264.7986021904,"_wandb":{"runtime":318},"totalWells":13,"_runtime":318.1228274,"timeCost":36326.47986021903,"finalMSE":0.12150202691555023,"_step":0,"_timestamp":1.749550227765053e+09,"finalFidelity":0.8784979730844498}