{"_step":0,"finalFidelity":0.8790104016661644,"totalWells":13,"timeCost":36346.97554495742,"_timestamp":1.749557102972351e+09,"_runtime":1130.5201004,"finalMSE":0.1209895983338356,"monetaryCost":363469.75544957427,"_wandb":{"runtime":1130}}