{"monetaryCost":362936.1441199783,"_timestamp":1.749552182968871e+09,"finalFidelity":0.8784760236740112,"_step":0,"totalWells":13,"timeCost":36293.61441199782,"_wandb":{"runtime":924},"finalMSE":0.12152397632598877,"_runtime":924.2688472}