{"_wandb":{"runtime":275},"timeCost":77218.5989089714,"totalWells":28,"finalMSE":0.08669009059667587,"_runtime":275.7137462,"_timestamp":1.7495141274771955e+09,"_step":0,"monetaryCost":772185.989089714,"finalFidelity":0.9133099094033241}