{"finalFidelity":0.8785042464733124,"totalWells":13,"_step":0,"timeCost":36308.31307473407,"_timestamp":1.7495581229847329e+09,"_wandb":{"runtime":858},"_runtime":858.7908146,"monetaryCost":363083.1307473406,"finalMSE":0.12149575352668762}