{"totalWells":13,"monetaryCost":363136.692725271,"_timestamp":1.74953457343937e+09,"_runtime":1826.7370964,"timeCost":36313.669272527106,"_wandb":{"runtime":1826},"finalMSE":0.12145798653364182,"_step":0,"finalFidelity":0.8785420134663582}