{"timeCost":36336.73171540488,"_timestamp":1.749564051546457e+09,"_runtime":1052.9305839,"finalMSE":0.12140529602766037,"monetaryCost":363367.3171540488,"finalFidelity":0.8785947039723396,"totalWells":13,"_wandb":{"runtime":1052},"_step":0}