{"monetaryCost":363258.4985768067,"timeCost":36325.84985768066,"_timestamp":1.7495160096368105e+09,"_runtime":543.2403564,"_step":0,"finalFidelity":0.8795209228992462,"finalMSE":0.12047907710075378,"totalWells":13,"_wandb":{"runtime":543}}