{"_timestamp":1.7495483216194277e+09,"_runtime":567.6398779,"totalWells":14,"timeCost":39115.53076072668,"_step":0,"finalMSE":0.11705479770898819,"monetaryCost":391155.30760726694,"_wandb":{"runtime":567},"finalFidelity":0.8829452022910118}