{"_runtime":156.3475657,"finalMSE":0.1014995127916336,"timeCost":57596.22931248453,"_timestamp":1.7495607483008902e+09,"_wandb":{"runtime":156},"totalWells":21,"finalFidelity":0.8985004872083664,"monetaryCost":575962.2931248453,"_step":0}