{"timeCost":36368.933930612344,"_runtime":1133.1632452,"finalMSE":0.1214151605963707,"monetaryCost":363689.3393061235,"_timestamp":1.7495670629957528e+09,"finalFidelity":0.8785848394036293,"_wandb":{"runtime":1133},"totalWells":13,"_step":0}