{"_step":0,"_timestamp":1.7495674324589875e+09,"finalMSE":0.10999556630849838,"monetaryCost":471739.5402637388,"_runtime":145.876297,"_wandb":{"runtime":145},"totalWells":17,"timeCost":47173.95402637387,"finalFidelity":0.8900044336915016}