{"finalMSE":0.12123149633407593,"monetaryCost":363229.90903045615,"finalFidelity":0.8787685036659241,"_wandb":{"runtime":686},"_step":0,"timeCost":36322.99090304562,"_timestamp":1.7495581229837713e+09,"_runtime":686.1832001,"totalWells":13}