{"_runtime":583.8475609,"_step":0,"_wandb":{"runtime":583},"monetaryCost":390196.37321345066,"finalMSE":0.11918386071920395,"finalFidelity":0.880816139280796,"totalWells":14,"_timestamp":1.7495316099610555e+09,"timeCost":39019.637321345064}