{"finalMSE":0.12149913609027863,"_timestamp":1.7495161838221266e+09,"_runtime":544.7252008,"_step":0,"_wandb":{"runtime":544},"totalWells":13,"finalFidelity":0.8785008639097214,"monetaryCost":363034.1001726335,"timeCost":36303.410017263355}