{"timeCost":36366.268084228286,"_runtime":1092.3971253,"monetaryCost":363662.68084228295,"totalWells":13,"_wandb":{"runtime":1092},"_timestamp":1.7495203658252032e+09,"_step":0,"finalFidelity":0.8785773664712906,"finalMSE":0.12142263352870941}