{"timeCost":41774.91345208969,"_runtime":261.5980085,"finalFidelity":0.8822566419839859,"finalMSE":0.1177433580160141,"_step":0,"_wandb":{"runtime":261},"monetaryCost":417749.134520897,"_timestamp":1.7495403347813306e+09,"totalWells":15}