{"monetaryCost":390922.51793578657,"_step":0,"finalMSE":0.11872993409633636,"_timestamp":1.7495240313137245e+09,"_wandb":{"runtime":227},"totalWells":14,"_runtime":227.2654822,"finalFidelity":0.8812700659036636,"timeCost":39092.25179357865}