{"_runtime":1046.5947963,"totalWells":13,"_timestamp":1.7495287531535587e+09,"timeCost":36362.642815262254,"finalFidelity":0.8785713165998459,"_wandb":{"runtime":1046},"_step":0,"finalMSE":0.12142868340015411,"monetaryCost":363626.42815262254}