{"finalMSE":0.11978193372488022,"totalWells":13,"_step":0,"_wandb":{"runtime":327},"_timestamp":1.7495423533060527e+09,"_runtime":327.6100327,"finalFidelity":0.8802180662751198,"monetaryCost":362136.8271002939,"timeCost":36213.68271002939}