{"_wandb":{"runtime":1602},"finalFidelity":0.8786055445671082,"_timestamp":1.749548091784629e+09,"finalMSE":0.12139445543289185,"totalWells":13,"_runtime":1602.345749,"timeCost":36381.535393591155,"_step":0,"monetaryCost":363815.3539359116}