{"_wandb":{"runtime":1700},"_step":0,"finalFidelity":0.8786003515124321,"monetaryCost":363832.64154628466,"finalMSE":0.1213996484875679,"_timestamp":1.7495621142451391e+09,"timeCost":36383.264154628465,"totalWells":13,"_runtime":1700.8232096}