{"totalWells":13,"_step":0,"finalFidelity":0.8799818381667137,"_runtime":536.3133805,"timeCost":36285.53874690845,"_wandb":{"runtime":536},"finalMSE":0.12001816183328629,"monetaryCost":362855.3874690846,"_timestamp":1.7495629885189965e+09}