{"_timestamp":1.7495138420473328e+09,"finalFidelity":0.8997883424162865,"_wandb":{"runtime":204},"_runtime":204.0526502,"_step":0,"finalMSE":0.10021165758371353,"monetaryCost":608943.2860485427,"totalWells":22,"timeCost":60894.32860485425}