{"_step":0,"timeCost":41833.065356492785,"finalMSE":0.1168229952454567,"_runtime":296.6343529,"totalWells":15,"monetaryCost":418330.65356492787,"_timestamp":1.7495480463596642e+09,"_wandb":{"runtime":296},"finalFidelity":0.8831770047545433}