{"monetaryCost":474918.3232382853,"_step":0,"_runtime":317.7365419,"_wandb":{"runtime":317},"finalMSE":0.11259952187538147,"finalFidelity":0.8874004781246185,"_timestamp":1.74956840310166e+09,"timeCost":47491.83232382853,"totalWells":17}