{"totalWells":16,"_step":0,"monetaryCost":444609.6095839088,"_timestamp":1.749562715041963e+09,"_runtime":262.9434799,"_wandb":{"runtime":262},"finalMSE":0.1145918220281601,"timeCost":44460.96095839086,"finalFidelity":0.8854081779718399}