{"_runtime":114.4049814,"finalMSE":0.11318116635084152,"totalWells":16,"monetaryCost":443560.40890570555,"timeCost":44356.04089057055,"finalFidelity":0.8868188336491585,"_timestamp":1.7495101426131938e+09,"_step":0,"_wandb":{"runtime":114}}