{"_timestamp":1.7495126354864151e+09,"_wandb":{"runtime":1845},"finalFidelity":0.8785814195871353,"monetaryCost":363587.1236710163,"_step":0,"_runtime":1845.1470191,"finalMSE":0.12141858041286469,"totalWells":13,"timeCost":36358.71236710163}