{"_wandb":{"runtime":460},"_runtime":460.9483124,"monetaryCost":363688.9449972459,"timeCost":36368.8944997246,"totalWells":13,"finalFidelity":0.8786044046282768,"_step":0,"_timestamp":1.749509321288338e+09,"finalMSE":0.12139559537172318}