{"_step":0,"_runtime":1315.895166,"finalFidelity":0.9010478556156158,"monetaryCost":576961.94632221,"finalMSE":0.09895214438438416,"totalWells":21,"_wandb":{"runtime":1315},"timeCost":57696.194632221006,"_timestamp":1.7495401870638523e+09}