{"_step":0,"_runtime":129.7630396,"finalFidelity":0.8902586698532104,"timeCost":47154.48319381186,"_wandb":{"runtime":129},"finalMSE":0.10974133014678955,"_timestamp":1.749546793179431e+09,"monetaryCost":471544.83193811856,"totalWells":17}