{"timeCost":41693.0746860708,"_timestamp":1.7495320559416246e+09,"finalFidelity":0.884323351085186,"_step":0,"monetaryCost":416930.74686070805,"finalMSE":0.115676648914814,"totalWells":15,"_runtime":349.1535246,"_wandb":{"runtime":349}}