{"finalFidelity":0.8811448514461517,"finalMSE":0.11885514855384827,"_runtime":531.0058799,"_wandb":{"runtime":531},"monetaryCost":391122.9423758419,"_timestamp":1.7495416787118728e+09,"totalWells":14,"_step":0,"timeCost":39112.2942375842}