{"finalMSE":0.12146279215812683,"totalWells":13,"_wandb":{"runtime":701},"_runtime":701.3773703,"_step":0,"timeCost":36349.67477951517,"monetaryCost":363496.7477951516,"finalFidelity":0.8785372078418732,"_timestamp":1.7495430629732254e+09}