{"_timestamp":1.7495512503312995e+09,"monetaryCost":363141.295069178,"_runtime":440.0058264,"_step":0,"timeCost":36314.129506917794,"finalFidelity":0.8785551115870476,"finalMSE":0.12144488841295242,"_wandb":{"runtime":440},"totalWells":13}