{"finalFidelity":0.8786121308803558,"_step":0,"finalMSE":0.12138786911964417,"monetaryCost":363628.299902512,"_timestamp":1.7495400630910091e+09,"totalWells":13,"timeCost":36362.82999025119,"_runtime":2592.0336684,"_wandb":{"runtime":2592}}