{"_wandb":{"runtime":137},"totalWells":16,"monetaryCost":443054.04557314515,"_step":0,"_timestamp":1.7495207521693838e+09,"timeCost":44305.404557314505,"_runtime":137.8764148,"finalMSE":0.11144906282424927,"finalFidelity":0.8885509371757507}