{"totalWells":13,"_runtime":950.8174621,"finalFidelity":0.8785586208105087,"monetaryCost":363618.4496570983,"_timestamp":1.7495464829780307e+09,"_step":0,"finalMSE":0.12144137918949127,"_wandb":{"runtime":950},"timeCost":36361.844965709824}