{"totalWells":21,"finalMSE":0.10168655961751938,"timeCost":58296.01872821789,"_wandb":{"runtime":162},"monetaryCost":582960.1872821789,"_timestamp":1.7495466519993346e+09,"_step":0,"_runtime":162.1232078,"finalFidelity":0.8983134403824806}