{"timeCost":36277.085533580364,"_step":0,"_wandb":{"runtime":538},"finalFidelity":0.8784666880965233,"totalWells":13,"_runtime":538.150058,"_timestamp":1.7495659231919122e+09,"finalMSE":0.12153331190347672,"monetaryCost":362770.85533580364}