{"finalMSE":0.12139397114515305,"totalWells":13,"finalFidelity":0.878606028854847,"_timestamp":1.7495277001590836e+09,"_runtime":1589.1024815,"_wandb":{"runtime":1589},"timeCost":36382.02499443224,"monetaryCost":363820.2499443224,"_step":0}