{"timeCost":41623.707129002214,"finalMSE":0.11523213237524033,"_runtime":245.420424,"totalWells":15,"monetaryCost":416237.0712900222,"_step":0,"finalFidelity":0.8847678676247597,"_wandb":{"runtime":245},"_timestamp":1.7495552569438572e+09}