{"_step":0,"finalMSE":0.1186118796467781,"timeCost":39005.189222560664,"_timestamp":1.7495364099006796e+09,"finalFidelity":0.8813881203532219,"_wandb":{"runtime":488},"_runtime":488.7414775,"monetaryCost":390051.89222560666,"totalWells":14}