{"finalFidelity":0.8787249773740768,"_timestamp":1.7495367211377094e+09,"totalWells":13,"timeCost":36214.218793385764,"_wandb":{"runtime":301},"finalMSE":0.12127502262592316,"monetaryCost":362142.18793385767,"_runtime":301.31346,"_step":0}