{"finalFidelity":0.88524379581213,"finalMSE":0.11475620418787003,"_timestamp":1.749515631147233e+09,"totalWells":16,"monetaryCost":444980.4607509453,"timeCost":44498.04607509454,"_wandb":{"runtime":257},"_runtime":257.5104245,"_step":0}