{"monetaryCost":363617.0126512525,"_step":0,"_runtime":1102.6359755,"timeCost":36361.701265125244,"finalMSE":0.12141747772693634,"finalFidelity":0.8785825222730637,"_timestamp":1.749528446844854e+09,"totalWells":13,"_wandb":{"runtime":1102}}