{"finalMSE":0.1214059442281723,"_step":0,"finalFidelity":0.8785940557718277,"_runtime":1438.6052976,"monetaryCost":363568.6628413206,"_timestamp":1.7495452229686024e+09,"_wandb":{"runtime":1438},"timeCost":36356.86628413206,"totalWells":13}