{"_runtime":636.7899711,"finalMSE":0.11786308884620667,"finalFidelity":0.8821369111537933,"_wandb":{"runtime":636},"totalWells":15,"monetaryCost":419231.9600918541,"timeCost":41923.1960091854,"_step":0,"_timestamp":1.7495411429757233e+09}