{"_step":0,"_wandb":{"runtime":45},"monetaryCost":659326.2844323749,"timeCost":65932.62844323747,"_runtime":45.8983923,"finalMSE":0.09757306426763535,"_timestamp":1.749510023074929e+09,"totalWells":24,"finalFidelity":0.9024269357323647}