{"finalMSE":0.10841262340545654,"_wandb":{"runtime":152},"_timestamp":1.7495533656618843e+09,"totalWells":17,"monetaryCost":467327.67791287694,"_step":0,"timeCost":46732.76779128769,"finalFidelity":0.8915873765945435,"_runtime":152.1036605}