{"totalWells":13,"finalFidelity":0.8785928934812546,"finalMSE":0.12140710651874542,"timeCost":36352.65329021854,"_runtime":2570.0350238,"_wandb":{"runtime":2570},"_step":0,"monetaryCost":363526.53290218546,"_timestamp":1.7495400630837147e+09}