{"monetaryCost":444216.7530495572,"_timestamp":1.749530031382925e+09,"_runtime":314.472735,"finalMSE":0.1135254055261612,"totalWells":16,"_wandb":{"runtime":314},"timeCost":44421.67530495572,"finalFidelity":0.8864745944738388,"_step":0}