{"_step":0,"finalMSE":0.11857834458351135,"monetaryCost":391357.0875475725,"timeCost":39135.70875475723,"_wandb":{"runtime":529},"finalFidelity":0.8814216554164886,"_runtime":529.1316349,"totalWells":14,"_timestamp":1.749540775857114e+09}