{"timeCost":36358.758750062756,"_step":0,"finalMSE":0.12142437696456909,"finalFidelity":0.8785756230354309,"_wandb":{"runtime":1128},"monetaryCost":363587.5875006275,"totalWells":13,"_timestamp":1.7495670630035625e+09,"_runtime":1128.5573628}