{"finalMSE":0.1213475838303566,"_step":0,"_timestamp":1.749524618561705e+09,"_wandb":{"runtime":514},"finalFidelity":0.8786524161696434,"timeCost":36355.58711898623,"_runtime":514.7983693,"totalWells":13,"monetaryCost":363555.87118986226}