{"totalWells":13,"_timestamp":1.7495204133498118e+09,"_wandb":{"runtime":1089},"_step":0,"monetaryCost":363566.45209545415,"timeCost":36356.64520954541,"_runtime":1089.0808948,"finalMSE":0.12140961736440659,"finalFidelity":0.8785903826355934}