{"_wandb":{"runtime":1051},"monetaryCost":363241.5815433281,"timeCost":36324.1581543328,"finalFidelity":0.8785666227340698,"_runtime":1051.9118144,"_step":0,"finalMSE":0.12143337726593018,"_timestamp":1.7495136304155288e+09,"totalWells":13}