{"finalFidelity":0.879131905734539,"totalWells":13,"_wandb":{"runtime":469},"_step":0,"monetaryCost":362851.43017687503,"_timestamp":1.749549903103502e+09,"_runtime":469.4979297,"timeCost":36285.1430176875,"finalMSE":0.12086809426546097}