{"_runtime":949.9518401,"timeCost":36361.21579393736,"finalFidelity":0.8785775601863861,"_timestamp":1.7495639436149507e+09,"_step":0,"monetaryCost":363612.15793937363,"totalWells":13,"_wandb":{"runtime":949},"finalMSE":0.12142243981361389}