{"finalFidelity":0.8786013573408127,"totalWells":13,"_timestamp":1.7495167790262346e+09,"_step":0,"timeCost":36369.25359837931,"finalMSE":0.12139864265918732,"_runtime":1052.850307,"_wandb":{"runtime":1052},"monetaryCost":363692.53598379326}