{"finalFidelity":0.8785959258675575,"totalWells":13,"_timestamp":1.7495148491322637e+09,"timeCost":36373.96667806905,"_step":0,"_runtime":2204.6632141,"monetaryCost":363739.66678069055,"_wandb":{"runtime":2204},"finalMSE":0.12140407413244247}