{"_timestamp":1.7495499051380656e+09,"_step":0,"_wandb":{"runtime":792},"timeCost":36366.59770120989,"finalMSE":0.12141997367143631,"finalFidelity":0.8785800263285637,"monetaryCost":363665.977012099,"_runtime":792.0626216,"totalWells":13}