{"_timestamp":1.749515432310735e+09,"totalWells":15,"timeCost":41924.25852411829,"_runtime":608.7010251,"_step":0,"finalMSE":0.1185198724269867,"finalFidelity":0.8814801275730133,"_wandb":{"runtime":608},"monetaryCost":419242.5852411828}