{"finalMSE":0.12140035629272461,"timeCost":36368.69371795272,"_wandb":{"runtime":942},"monetaryCost":363686.9371795273,"_runtime":942.6809483,"finalFidelity":0.8785996437072754,"_step":0,"_timestamp":1.7495420952514315e+09,"totalWells":13}