{"finalFidelity":0.8800662457942963,"monetaryCost":391351.72998741857,"finalMSE":0.11993375420570374,"timeCost":39135.17299874186,"_timestamp":1.749524093824127e+09,"totalWells":14,"_runtime":579.3780096,"_wandb":{"runtime":579},"_step":0}