{"finalFidelity":0.8805257678031921,"_step":0,"_runtime":350.5691455,"monetaryCost":417248.9179473842,"totalWells":15,"timeCost":41724.89179473841,"_timestamp":1.7495324153406446e+09,"finalMSE":0.11947423219680786,"_wandb":{"runtime":350}}