{"_wandb":{"runtime":2065},"finalFidelity":0.878612108528614,"monetaryCost":363785.99688023137,"totalWells":13,"timeCost":36378.59968802314,"_timestamp":1.7495683783716292e+09,"finalMSE":0.12138789147138596,"_runtime":2065.7456165,"_step":0}