{"totalWells":14,"_wandb":{"runtime":565},"finalMSE":0.11756078898906708,"timeCost":39104.86543717071,"_step":0,"finalFidelity":0.8824392110109329,"_timestamp":1.7495307280360036e+09,"_runtime":565.1669106,"monetaryCost":391048.6543717072}