{"_step":0,"timeCost":41829.65097063498,"finalFidelity":0.8830277323722839,"_wandb":{"runtime":226},"monetaryCost":418296.50970634987,"_runtime":226.4602518,"finalMSE":0.11697226762771606,"_timestamp":1.749548583988145e+09,"totalWells":15}